{
  "macro_f1": 0.45583248902397844,
  "accuracy": 0.5169491525423728,
  "confusion_matrix": [
    [
      28,
      11,
      1
    ],
    [
      12,
      29,
      1
    ],
    [
      20,
      12,
      4
    ]
  ],
  "control_f1": 0.56,
  "control_recall": 0.7,
  "endo_f1": 0.19047619047619047,
  "endo_recall": 0.1111111111111111,
  "predicted_class_counts": {
    "control": 60,
    "exo": 52,
    "endo": 6
  },
  "fold_metrics": [
    {
      "fold": 0,
      "train_tissue_counts": {
        "cortex": 36,
        "striatum": 36,
        "cerebellum": 28
      },
      "val_tissue_counts": {
        "cortex": 18,
        "striatum": 0,
        "cerebellum": 0
      },
      "metadata_coverage_warning": null,
      "macro_f1": 0.6463166463166463,
      "accuracy": 0.6666666666666666,
      "spectrum_macro_f1": 0.47488891516449255,
      "spectrum_accuracy": 0.5824338624338624,
      "confusion_matrix": [
        [
          4,
          1,
          1
        ],
        [
          0,
          6,
          0
        ],
        [
          4,
          0,
          2
        ]
      ],
      "classification_report": {
        "control": {
          "precision": 0.5,
          "recall": 0.6666666666666666,
          "f1-score": 0.5714285714285714,
          "support": 6.0
        },
        "exo": {
          "precision": 0.8571428571428571,
          "recall": 1.0,
          "f1-score": 0.9230769230769231,
          "support": 6.0
        },
        "endo": {
          "precision": 0.6666666666666666,
          "recall": 0.3333333333333333,
          "f1-score": 0.4444444444444444,
          "support": 6.0
        },
        "accuracy": 0.6666666666666666,
        "macro avg": {
          "precision": 0.6746031746031745,
          "recall": 0.6666666666666666,
          "f1-score": 0.6463166463166463,
          "support": 18.0
        },
        "weighted avg": {
          "precision": 0.6746031746031745,
          "recall": 0.6666666666666666,
          "f1-score": 0.6463166463166463,
          "support": 18.0
        }
      },
      "control_f1": 0.5714285714285714,
      "control_recall": 0.6666666666666666,
      "endo_f1": 0.4444444444444444,
      "endo_recall": 0.3333333333333333,
      "predicted_class_counts": {
        "control": 8,
        "exo": 7,
        "endo": 3
      }
    },
    {
      "fold": 1,
      "train_tissue_counts": {
        "cortex": 36,
        "striatum": 18,
        "cerebellum": 28
      },
      "val_tissue_counts": {
        "cortex": 18,
        "striatum": 18,
        "cerebellum": 0
      },
      "metadata_coverage_warning": null,
      "macro_f1": 0.49107142857142855,
      "accuracy": 0.6111111111111112,
      "spectrum_macro_f1": 0.413004896749531,
      "spectrum_accuracy": 0.5133333333333333,
      "confusion_matrix": [
        [
          11,
          1,
          0
        ],
        [
          1,
          11,
          0
        ],
        [
          8,
          4,
          0
        ]
      ],
      "classification_report": {
        "control": {
          "precision": 0.55,
          "recall": 0.9166666666666666,
          "f1-score": 0.6875,
          "support": 12.0
        },
        "exo": {
          "precision": 0.6875,
          "recall": 0.9166666666666666,
          "f1-score": 0.7857142857142857,
          "support": 12.0
        },
        "endo": {
          "precision": 0.0,
          "recall": 0.0,
          "f1-score": 0.0,
          "support": 12.0
        },
        "accuracy": 0.6111111111111112,
        "macro avg": {
          "precision": 0.41250000000000003,
          "recall": 0.611111111111111,
          "f1-score": 0.49107142857142855,
          "support": 36.0
        },
        "weighted avg": {
          "precision": 0.41250000000000003,
          "recall": 0.6111111111111112,
          "f1-score": 0.4910714285714286,
          "support": 36.0
        }
      },
      "control_f1": 0.6875,
      "control_recall": 0.9166666666666666,
      "endo_f1": 0.0,
      "endo_recall": 0.0,
      "predicted_class_counts": {
        "control": 20,
        "exo": 16,
        "endo": 0
      }
    },
    {
      "fold": 2,
      "train_tissue_counts": {
        "cortex": 36,
        "striatum": 18,
        "cerebellum": 28
      },
      "val_tissue_counts": {
        "cortex": 18,
        "striatum": 18,
        "cerebellum": 0
      },
      "metadata_coverage_warning": null,
      "macro_f1": 0.3755656108597285,
      "accuracy": 0.4722222222222222,
      "spectrum_macro_f1": 0.3382732701064968,
      "spectrum_accuracy": 0.42984126984126986,
      "confusion_matrix": [
        [
          7,
          5,
          0
        ],
        [
          2,
          10,
          0
        ],
        [
          5,
          7,
          0
        ]
      ],
      "classification_report": {
        "control": {
          "precision": 0.5,
          "recall": 0.5833333333333334,
          "f1-score": 0.5384615384615384,
          "support": 12.0
        },
        "exo": {
          "precision": 0.45454545454545453,
          "recall": 0.8333333333333334,
          "f1-score": 0.5882352941176471,
          "support": 12.0
        },
        "endo": {
          "precision": 0.0,
          "recall": 0.0,
          "f1-score": 0.0,
          "support": 12.0
        },
        "accuracy": 0.4722222222222222,
        "macro avg": {
          "precision": 0.3181818181818182,
          "recall": 0.47222222222222227,
          "f1-score": 0.3755656108597285,
          "support": 36.0
        },
        "weighted avg": {
          "precision": 0.3181818181818181,
          "recall": 0.4722222222222222,
          "f1-score": 0.3755656108597285,
          "support": 36.0
        }
      },
      "control_f1": 0.5384615384615384,
      "control_recall": 0.5833333333333334,
      "endo_f1": 0.0,
      "endo_recall": 0.0,
      "predicted_class_counts": {
        "control": 14,
        "exo": 22,
        "endo": 0
      }
    },
    {
      "fold": 3,
      "train_tissue_counts": {
        "cortex": 54,
        "striatum": 36,
        "cerebellum": 0
      },
      "val_tissue_counts": {
        "cortex": 0,
        "striatum": 0,
        "cerebellum": 28
      },
      "metadata_coverage_warning": null,
      "macro_f1": 0.3611807296017822,
      "accuracy": 0.35714285714285715,
      "spectrum_macro_f1": 0.17772997090768242,
      "spectrum_accuracy": 0.29360544217687073,
      "confusion_matrix": [
        [
          6,
          4,
          0
        ],
        [
          9,
          2,
          1
        ],
        [
          3,
          1,
          2
        ]
      ],
      "classification_report": {
        "control": {
          "precision": 0.3333333333333333,
          "recall": 0.6,
          "f1-score": 0.42857142857142855,
          "support": 10.0
        },
        "exo": {
          "precision": 0.2857142857142857,
          "recall": 0.16666666666666666,
          "f1-score": 0.21052631578947367,
          "support": 12.0
        },
        "endo": {
          "precision": 0.6666666666666666,
          "recall": 0.3333333333333333,
          "f1-score": 0.4444444444444444,
          "support": 6.0
        },
        "accuracy": 0.35714285714285715,
        "macro avg": {
          "precision": 0.42857142857142855,
          "recall": 0.36666666666666664,
          "f1-score": 0.3611807296017822,
          "support": 28.0
        },
        "weighted avg": {
          "precision": 0.3843537414965986,
          "recall": 0.35714285714285715,
          "f1-score": 0.3385248836376656,
          "support": 28.0
        }
      },
      "control_f1": 0.42857142857142855,
      "control_recall": 0.6,
      "endo_f1": 0.4444444444444444,
      "endo_recall": 0.3333333333333333,
      "predicted_class_counts": {
        "control": 18,
        "exo": 7,
        "endo": 3
      }
    }
  ],