{
  "macro_f1": 0.5307503743923966,
  "accuracy": 0.5423728813559322,
  "confusion_matrix": [
    [
      20,
      8,
      12
    ],
    [
      6,
      30,
      6
    ],
    [
      13,
      9,
      14
    ]
  ],
  "control_f1": 0.5063291139240507,
  "control_recall": 0.5,
  "endo_f1": 0.4117647058823529,
  "endo_recall": 0.3888888888888889,
  "predicted_class_counts": {
    "control": 39,
    "exo": 47,
    "endo": 32
  },
  "fold_metrics": [
    {
      "fold": 0,
      "train_tissue_counts": {
        "cortex": 36,
        "striatum": 36,
        "cerebellum": 28
      },
      "val_tissue_counts": {
        "cortex": 18,
        "striatum": 0,
        "cerebellum": 0
      },
      "metadata_coverage_warning": null,
      "macro_f1": 0.5135566188197767,
      "accuracy": 0.6111111111111112,
      "spectrum_macro_f1": 0.28346782539482546,
      "spectrum_accuracy": 0.39026455026455026,
      "confusion_matrix": [
        [
          6,
          0,
          0
        ],
        [
          1,
          5,
          0
        ],
        [
          6,
          0,
          0
        ]
      ],
      "classification_report": {
        "control": {
          "precision": 0.46153846153846156,
          "recall": 1.0,
          "f1-score": 0.631578947368421,
          "support": 6.0
        },
        "exo": {
          "precision": 1.0,
          "recall": 0.8333333333333334,
          "f1-score": 0.9090909090909091,
          "support": 6.0
        },
        "endo": {
          "precision": 0.0,
          "recall": 0.0,
          "f1-score": 0.0,
          "support": 6.0
        },
        "accuracy": 0.6111111111111112,
        "macro avg": {
          "precision": 0.4871794871794872,
          "recall": 0.6111111111111112,
          "f1-score": 0.5135566188197767,
          "support": 18.0
        },
        "weighted avg": {
          "precision": 0.4871794871794872,
          "recall": 0.6111111111111112,
          "f1-score": 0.5135566188197767,
          "support": 18.0
        }
      },
      "control_f1": 0.631578947368421,
      "control_recall": 1.0,
      "endo_f1": 0.0,
      "endo_recall": 0.0,
      "predicted_class_counts": {
        "control": 13,
        "exo": 5,
        "endo": 0
      }
    },
    {
      "fold": 1,
      "train_tissue_counts": {
        "cortex": 36,
        "striatum": 18,
        "cerebellum": 28
      },
      "val_tissue_counts": {
        "cortex": 18,
        "striatum": 18,
        "cerebellum": 0
      },
      "metadata_coverage_warning": null,
      "macro_f1": 0.5940825883354619,
      "accuracy": 0.6111111111111112,
      "spectrum_macro_f1": 0.343966092007224,
      "spectrum_accuracy": 0.4428042328042328,
      "confusion_matrix": [
        [
          4,
          3,
          5
        ],
        [
          0,
          10,
          2
        ],
        [
          0,
          4,
          8
        ]
      ],
      "classification_report": {
        "control": {
          "precision": 1.0,
          "recall": 0.3333333333333333,
          "f1-score": 0.5,
          "support": 12.0
        },
        "exo": {
          "precision": 0.5882352941176471,
          "recall": 0.8333333333333334,
          "f1-score": 0.6896551724137931,
          "support": 12.0
        },
        "endo": {
          "precision": 0.5333333333333333,
          "recall": 0.6666666666666666,
          "f1-score": 0.5925925925925926,
          "support": 12.0
        },
        "accuracy": 0.6111111111111112,
        "macro avg": {
          "precision": 0.7071895424836602,
          "recall": 0.6111111111111112,
          "f1-score": 0.5940825883354619,
          "support": 36.0
        },
        "weighted avg": {
          "precision": 0.7071895424836602,
          "recall": 0.6111111111111112,
          "f1-score": 0.5940825883354619,
          "support": 36.0
        }
      },
      "control_f1": 0.5,
      "control_recall": 0.3333333333333333,
      "endo_f1": 0.5925925925925926,
      "endo_recall": 0.6666666666666666,
      "predicted_class_counts": {
        "control": 4,
        "exo": 17,
        "endo": 15
      }
    },
    {
      "fold": 2,
      "train_tissue_counts": {
        "cortex": 36,
        "striatum": 18,
        "cerebellum": 28
      },
      "val_tissue_counts": {
        "cortex": 18,
        "striatum": 18,
        "cerebellum": 0
      },
      "metadata_coverage_warning": null,
      "macro_f1": 0.4777777777777778,
      "accuracy": 0.5,
      "spectrum_macro_f1": 0.43994102343082214,
      "spectrum_accuracy": 0.446984126984127,
      "confusion_matrix": [
        [
          3,
          4,
          5
        ],
        [
          2,
          9,
          1
        ],
        [
          1,
          5,
          6
        ]
      ],
      "classification_report": {
        "control": {
          "precision": 0.5,
          "recall": 0.25,
          "f1-score": 0.3333333333333333,
          "support": 12.0
        },
        "exo": {
          "precision": 0.5,
          "recall": 0.75,
          "f1-score": 0.6,
          "support": 12.0
        },
        "endo": {
          "precision": 0.5,
          "recall": 0.5,
          "f1-score": 0.5,
          "support": 12.0
        },
        "accuracy": 0.5,
        "macro avg": {
          "precision": 0.5,
          "recall": 0.5,
          "f1-score": 0.4777777777777778,
          "support": 36.0
        },
        "weighted avg": {
          "precision": 0.5,
          "recall": 0.5,
          "f1-score": 0.47777777777777775,
          "support": 36.0
        }
      },
      "control_f1": 0.3333333333333333,
      "control_recall": 0.25,
      "endo_f1": 0.5,
      "endo_recall": 0.5,
      "predicted_class_counts": {
        "control": 6,
        "exo": 18,
        "endo": 12
      }
    },
    {
      "fold": 3,
      "train_tissue_counts": {
        "cortex": 54,
        "striatum": 36,
        "cerebellum": 0
      },
      "val_tissue_counts": {
        "cortex": 0,
        "striatum": 0,
        "cerebellum": 28
      },
      "metadata_coverage_warning": null,
      "macro_f1": 0.3900134952766532,
      "accuracy": 0.4642857142857143,
      "spectrum_macro_f1": 0.2476283255510359,
      "spectrum_accuracy": 0.25945578231292515,
      "confusion_matrix": [
        [
          7,
          1,
          2
        ],
        [
          3,
          6,
          3
        ],
        [
          6,
          0,
          0
        ]
      ],
      "classification_report": {
        "control": {
          "precision": 0.4375,
          "recall": 0.7,
          "f1-score": 0.5384615384615384,
          "support": 10.0
        },
        "exo": {
          "precision": 0.8571428571428571,
          "recall": 0.5,
          "f1-score": 0.631578947368421,
          "support": 12.0
        },
        "endo": {
          "precision": 0.0,
          "recall": 0.0,
          "f1-score": 0.0,
          "support": 6.0
        },
        "accuracy": 0.4642857142857143,
        "macro avg": {
          "precision": 0.43154761904761907,
          "recall": 0.39999999999999997,
          "f1-score": 0.3900134952766532,
          "support": 28.0
        },
        "weighted avg": {
          "precision": 0.5235969387755102,
          "recall": 0.4642857142857143,
          "f1-score": 0.4629843840370156,
          "support": 28.0
        }
      },
      "control_f1": 0.5384615384615384,
      "control_recall": 0.7,
      "endo_f1": 0.0,
      "endo_recall": 0.0,
      "predicted_class_counts": {
        "control": 16,
        "exo": 7,
        "endo": 5
      }
    }
  ],
  "train_config": {
    "data_dir": "/home/yaroslav/progs/biohack/deeppick_mephi_2026/ml/data",
    "output_dir": "/home/yaroslav/progs/biohack/deeppick_mephi_2026/ml/artifacts/raman_mil_train_and_results",
    "center": 1500,
    "preprocess_mode": "clean",
    "preprocess_kwargs": {
      "lam": 3000.0,
      "p": 0.007,
      "polyorder": 6,